{"cameraMode":{"drawMode":0,"name":"Shaded","section":"Shading Mode"},"sceneLighting":true,"audioPlay":false,"sceneViewState":{"showFog":true,"showMaterialUpdate":true,"showSkybox":true,"showFlares":true,"showImageEffects":true,"showParticleSystems":true},"in2DMode":false,"pivot":{"x":-0.430368036031723,"y":-0.34062567353248598,"z":-0.1704147607088089},"rotation":{"x":-0.6983718276023865,"y":-0.01717192865908146,"z":0.016764162108302118,"w":-0.7153328061103821},"size":0.7280539274215698,"orthographic":false}